Database,Table,Rows,Columns,Column Names
browser_web,Web_client_accelerator,19,5,"id, name, Operating_system, Client, Connection"
browser_web,browser,4,3,"id, name, market_share"
browser_web,accelerator_compatible_browser,9,3,"accelerator_id, browser_id, compatible_since_year"
musical,musical,7,7,"Musical_ID, Name, Year, Award, Category, Nominee, Result"
musical,actor,9,6,"Actor_ID, Name, Musical_ID, Character, Duration, age"
farm,city,5,6,"City_ID, Official_Name, Status, Area_km_2, Population, Census_Ranking"
farm,farm,8,10,"Farm_ID, Year, Total_Horses, Working_Horses, Total_Cattle, Oxen, Bulls, Cows, Pigs, Sheep_and_Goats"
farm,farm_competition,6,5,"Competition_ID, Year, Theme, Host_city_ID, Hosts"
farm,competition_record,12,3,"Competition_ID, Farm_ID, Rank"
voter_1,AREA_CODE_STATE,305,2,"area_code, state"
voter_1,CONTESTANTS,11,2,"contestant_number, contestant_name"
voter_1,VOTES,4,5,"vote_id, phone_number, state, contestant_number, created"
game_injury,stadium,13,6,"id, name, Home_Games, Average_Attendance, Total_Attendance, Capacity_Percentage"
game_injury,game,20,8,"stadium_id, id, Season, Date, Home_team, Away_team, Score, Competition"
game_injury,injury_accident,15,6,"game_id, id, Player, Injury, Number_of_matches, Source"
hospital_1,Physician,9,4,"EmployeeID, Name, Position, SSN"
hospital_1,Department,3,3,"DepartmentID, Name, Head"
hospital_1,Affiliated_With,11,3,"Physician, Department, PrimaryAffiliation"
hospital_1,Procedures,7,3,"Code, Name, Cost"
hospital_1,Trained_In,15,4,"Physician, Treatment, CertificationDate, CertificationExpires"
hospital_1,Patient,4,6,"SSN, Name, Address, Phone, InsuranceID, PCP"
hospital_1,Nurse,3,5,"EmployeeID, Name, Position, Registered, SSN"
hospital_1,Appointment,9,7,"AppointmentID, Patient, PrepNurse, Physician, Start, End, ExaminationRoom"
hospital_1,Medication,5,4,"Code, Name, Brand, Description"
hospital_1,Prescribes,3,6,"Physician, Patient, Medication, Date, Appointment, Dose"
hospital_1,Block,12,2,"BlockFloor, BlockCode"
hospital_1,Room,36,5,"RoomNumber, RoomType, BlockFloor, BlockCode, Unavailable"
hospital_1,On_Call,6,5,"Nurse, BlockFloor, BlockCode, OnCallStart, OnCallEnd"
hospital_1,Stay,3,5,"StayID, Patient, Room, StayStart, StayEnd"
hospital_1,Undergoes,6,6,"Patient, Procedures, Stay, DateUndergoes, Physician, AssistingNurse"
manufacturer,manufacturer,7,5,"Manufacturer_ID, Open_Year, Name, Num_of_Factories, Num_of_Shops"
manufacturer,furniture,7,4,"Furniture_ID, Name, Num_of_Component, Market_Rate"
manufacturer,furniture_manufacte,5,3,"Manufacturer_ID, Furniture_ID, Price_in_Dollar"
station_weather,train,11,7,"id, train_number, name, origin, destination, time, interval"
station_weather,station,11,4,"id, network_name, services, local_authority"
station_weather,route,18,2,"train_id, station_id"
station_weather,weekly_weather,16,6,"station_id, day_of_week, high_temperature, low_temperature, precipitation, wind_speed_mph"
perpetrator,perpetrator,5,8,"Perpetrator_ID, People_ID, Date, Year, Location, Country, Killed, Injured"
perpetrator,people,11,5,"People_ID, Name, Height, Weight, Home Town"
storm_record,storm,10,6,"Storm_ID, Name, Dates_active, Max_speed, Damage_millions_USD, Number_Deaths"
storm_record,region,13,3,"Region_id, Region_code, Region_name"
storm_record,affected_region,6,3,"Region_id, Storm_ID, Number_city_affected"
flight_1,flight,10,8,"flno, origin, destination, distance, departure_date, arrival_date, price, aid"
flight_1,aircraft,16,3,"aid, name, distance"
flight_1,employee,31,3,"eid, name, salary"
flight_1,certificate,69,2,"eid, aid"
manufactory_1,Manufacturers,6,5,"Code, Name, Headquarter, Founder, Revenue"
manufactory_1,Products,11,4,"Code, Name, Price, Manufacturer"
cre_Theme_park,Ref_Hotel_Star_Ratings,5,2,"star_rating_code, star_rating_description"
cre_Theme_park,Locations,15,4,"Location_ID, Location_Name, Address, Other_Details"
cre_Theme_park,Ref_Attraction_Types,5,2,"Attraction_Type_Code, Attraction_Type_Description"
cre_Theme_park,Visitors,20,2,"Tourist_ID, Tourist_Details"
cre_Theme_park,Features,5,2,"Feature_ID, Feature_Details"
cre_Theme_park,Hotels,20,5,"hotel_id, star_rating_code, pets_allowed_yn, price_range, other_hotel_details"
cre_Theme_park,Tourist_Attractions,15,8,"Tourist_Attraction_ID, Attraction_Type_Code, Location_ID, How_to_Get_There, Name, Description, Opening_Hours, Other_Details"
cre_Theme_park,Street_Markets,2,2,"Market_ID, Market_Details"
cre_Theme_park,Shops,4,2,"Shop_ID, Shop_Details"
cre_Theme_park,Museums,3,2,"Museum_ID, Museum_Details"
cre_Theme_park,Royal_Family,2,2,"Royal_Family_ID, Royal_Family_Details"
cre_Theme_park,Theme_Parks,3,2,"Theme_Park_ID, Theme_Park_Details"
cre_Theme_park,Visits,20,5,"Visit_ID, Tourist_Attraction_ID, Tourist_ID, Visit_Date, Visit_Details"
cre_Theme_park,Photos,15,6,"Photo_ID, Tourist_Attraction_ID, Name, Description, Filename, Other_Details"
cre_Theme_park,Staff,20,4,"Staff_ID, Tourist_Attraction_ID, Name, Other_Details"
cre_Theme_park,Tourist_Attraction_Features,18,2,"Tourist_Attraction_ID, Feature_ID"
museum_visit,museum,8,4,"Museum_ID, Name, Num_of_Staff, Open_Year"
museum_visit,visitor,6,4,"ID, Name, Level_of_membership, Age"
museum_visit,visit,6,4,"Museum_ID, visitor_ID, Num_of_Ticket, Total_spent"
race_track,race,7,5,"Race_ID, Name, Class, Date, Track_ID"
race_track,track,9,5,"Track_ID, Name, Location, Seating, Year_Opened"
soccer_2,College,4,3,"cName, state, enr"
soccer_2,Player,6,4,"pID, pName, yCard, HS"
soccer_2,Tryout,6,4,"pID, cName, pPos, decision"
bike_1,station,70,7,"id, name, lat, long, dock_count, city, installation_date"
bike_1,status,8487,4,"station_id, bikes_available, docks_available, time"
bike_1,trip,9959,11,"id, duration, start_date, start_station_name, start_station_id, end_date, end_station_name, end_station_id, bike_id, subscription_type, zip_code"
bike_1,weather,3665,24,"date, max_temperature_f, mean_temperature_f, min_temperature_f, max_dew_point_f, mean_dew_point_f, min_dew_point_f, max_humidity, mean_humidity, min_humidity, max_sea_level_pressure_inches, mean_sea_level_pressure_inches, min_sea_level_pressure_inches, max_visibility_miles, mean_visibility_miles, min_visibility_miles, max_wind_Speed_mph, mean_wind_speed_mph, max_gust_speed_mph, precipitation_inches, cloud_cover, events, wind_dir_degrees, zip_code"
pilot_record,aircraft,7,7,"Aircraft_ID, Order_Year, Manufacturer, Model, Fleet_Series, Powertrain, Fuel_Propulsion"
pilot_record,pilot,5,8,"Pilot_ID, Pilot_name, Rank, Age, Nationality, Position, Join_Year, Team"
pilot_record,pilot_record,6,4,"Record_ID, Pilot_ID, Aircraft_ID, Date"
customers_and_invoices,Customers,15,12,"customer_id, customer_first_name, customer_middle_initial, customer_last_name, gender, email_address, login_name, login_password, phone_number, town_city, state_county_province, country"
customers_and_invoices,Orders,15,4,"order_id, customer_id, date_order_placed, order_details"
customers_and_invoices,Invoices,15,3,"invoice_number, order_id, invoice_date"
customers_and_invoices,Accounts,15,5,"account_id, customer_id, date_account_opened, account_name, other_account_details"
customers_and_invoices,Product_Categories,4,3,"production_type_code, product_type_description, vat_rating"
customers_and_invoices,Products,15,7,"product_id, parent_product_id, production_type_code, unit_price, product_name, product_color, product_size"
customers_and_invoices,Financial_Transactions,15,8,"transaction_id, account_id, invoice_number, transaction_type, transaction_date, transaction_amount, transaction_comment, other_transaction_details"
customers_and_invoices,Order_Items,15,5,"order_item_id, order_id, product_id, product_quantity, other_order_item_details"
customers_and_invoices,Invoice_Line_Items,15,9,"order_item_id, invoice_number, product_id, product_title, product_quantity, product_price, derived_product_cost, derived_vat_payable, derived_total_cost"
department_management,department,15,6,"Department_ID, Name, Creation, Ranking, Budget_in_Billions, Num_Employees"
department_management,head,10,4,"head_ID, name, born_state, age"
department_management,management,5,3,"department_ID, head_ID, temporary_acting"
news_report,event,5,5,"Event_ID, Date, Venue, Name, Event_Attendance"
news_report,journalist,11,5,"journalist_ID, Name, Nationality, Age, Years_working"
news_report,news_report,7,3,"journalist_ID, Event_ID, Work_Type"
tvshow,TV_Channel,15,9,"id, series_name, Country, Language, Content, Pixel_aspect_ratio_PAR, Hight_definition_TV, Pay_per_view_PPV, Package_Option"
tvshow,TV_series,12,9,"id, Episode, Air_Date, Rating, Share, 18_49_Rating_Share, Viewers_m, Weekly_Rank, Channel"
tvshow,Cartoon,12,7,"id, Title, Directed_by, Written_by, Original_air_date, Production_code, Channel"
music_1,genre,6,3,"g_name, rating, most_popular_in"
music_1,artist,6,4,"artist_name, country, gender, preferred_genre"
music_1,files,6,5,"f_id, artist_name, file_size, duration, formats"
music_1,song,6,9,"song_name, artist_name, country, f_id, genre_is, rating, languages, releasedate, resolution"
store_product,product,6,7,"product_id, product, dimensions, dpi, pages_per_minute_color, max_page_size, interface"
store_product,store,5,6,"Store_ID, Store_Name, Type, Area_size, Number_of_product_category, Ranking"
store_product,district,15,5,"District_ID, District_name, Headquartered_City, City_Population, City_Area"
store_product,store_product,15,2,"Store_ID, Product_ID"
store_product,store_district,5,2,"Store_ID, District_ID"
party_host,party,8,6,"Party_ID, Party_Theme, Location, First_year, Last_year, Number_of_hosts"
party_host,host,10,4,"Host_ID, Name, Nationality, Age"
party_host,party_host,6,3,"Party_ID, Host_ID, Is_Main_in_Charge"
ship_1,captain,7,6,"Captain_ID, Name, Ship_ID, age, Class, Rank"
ship_1,Ship,9,6,"Ship_ID, Name, Type, Built_Year, Class, Flag"
solvency_ii,Addresses,15,2,"Address_ID, address_details"
solvency_ii,Locations,15,2,"Location_ID, Other_Details"
solvency_ii,Products,15,4,"Product_ID, Product_Type_Code, Product_Name, Product_Price"
solvency_ii,Parties,7,2,"Party_ID, Party_Details"
solvency_ii,Assets,3,2,"Asset_ID, Other_Details"
solvency_ii,Channels,15,2,"Channel_ID, Other_Details"
solvency_ii,Finances,15,2,"Finance_ID, Other_Details"
solvency_ii,Events,15,6,"Event_ID, Address_ID, Channel_ID, Event_Type_Code, Finance_ID, Location_ID"
solvency_ii,Products_in_Events,15,3,"Product_in_Event_ID, Event_ID, Product_ID"
solvency_ii,Parties_in_Events,15,3,"Party_ID, Event_ID, Role_Code"
solvency_ii,Agreements,15,2,"Document_ID, Event_ID"
solvency_ii,Assets_in_Events,12,2,"Asset_ID, Event_ID"
products_gen_characteristics,Ref_Characteristic_Types,2,2,"characteristic_type_code, characteristic_type_description"
products_gen_characteristics,Ref_Colors,8,2,"color_code, color_description"
products_gen_characteristics,Ref_Product_Categories,3,3,"product_category_code, product_category_description, unit_of_measure"
products_gen_characteristics,Characteristics,15,5,"characteristic_id, characteristic_type_code, characteristic_data_type, characteristic_name, other_characteristic_details"
products_gen_characteristics,Products,15,8,"product_id, color_code, product_category_code, product_name, typical_buying_price, typical_selling_price, product_description, other_product_details"
products_gen_characteristics,Product_Characteristics,15,3,"product_id, characteristic_id, product_characteristic_value"
dog_kennels,Breeds,3,2,"breed_code, breed_name"
dog_kennels,Charges,3,3,"charge_id, charge_type, charge_amount"
dog_kennels,Sizes,3,2,"size_code, size_description"
dog_kennels,Treatment_Types,3,2,"treatment_type_code, treatment_type_description"
dog_kennels,Owners,15,10,"owner_id, first_name, last_name, street, city, state, zip_code, email_address, home_phone, cell_number"
dog_kennels,Dogs,15,13,"dog_id, owner_id, abandoned_yn, breed_code, size_code, name, age, date_of_birth, gender, weight, date_arrived, date_adopted, date_departed"
dog_kennels,Professionals,15,11,"professional_id, role_code, first_name, street, city, state, zip_code, last_name, email_address, home_phone, cell_number"
dog_kennels,Treatments,15,6,"treatment_id, dog_id, professional_id, treatment_type_code, date_of_treatment, cost_of_treatment"
local_govt_and_lot,Customers,15,2,"customer_id, customer_details"
local_govt_and_lot,Properties,15,4,"property_id, property_type_code, property_address, other_details"
local_govt_and_lot,Residents,15,5,"resident_id, property_id, date_moved_in, date_moved_out, other_details"
local_govt_and_lot,Organizations,3,3,"organization_id, parent_organization_id, organization_details"
local_govt_and_lot,Services,15,4,"service_id, organization_id, service_type_code, service_details"
local_govt_and_lot,Residents_Services,11,7,"resident_id, service_id, date_moved_in, property_id, date_requested, date_provided, other_details"
local_govt_and_lot,Things,15,5,"thing_id, organization_id, Type_of_Thing_Code, service_type_code, service_details"
local_govt_and_lot,Customer_Events,13,6,"Customer_Event_ID, customer_id, date_moved_in, property_id, resident_id, thing_id"
local_govt_and_lot,Customer_Event_Notes,13,6,"Customer_Event_Note_ID, Customer_Event_ID, service_type_code, resident_id, property_id, date_moved_in"
local_govt_and_lot,Timed_Status_of_Things,18,3,"thing_id, Date_and_Date, Status_of_Thing_Code"
local_govt_and_lot,Timed_Locations_of_Things,15,3,"thing_id, Date_and_Time, Location_Code"
culture_company,book_club,12,7,"book_club_id, Year, Author_or_Editor, Book_Title, Publisher, Category, Result"
culture_company,movie,10,6,"movie_id, Title, Year, Director, Budget_million, Gross_worldwide"
culture_company,culture_company,6,6,"Company_name, Type, Incorporated_in, Group_Equity_Shareholding, book_club_id, movie_id"
aircraft,pilot,12,3,"Pilot_Id, Name, Age"
aircraft,aircraft,5,6,"Aircraft_ID, Aircraft, Description, Max_Gross_Weight, Total_disk_area, Max_disk_Loading"
aircraft,match,7,7,"Round, Location, Country, Date, Fastest_Qualifying, Winning_Pilot, Winning_Aircraft"
aircraft,airport,10,9,"Airport_ID, Airport_Name, Total_Passengers, %_Change_2007, International_Passengers, Domestic_Passengers, Transit_Passengers, Aircraft_Movements, Freight_Metric_Tonnes"
aircraft,airport_aircraft,4,3,"ID, Airport_ID, Aircraft_ID"
wta_1,players,20662,6,"player_id, first_name, last_name, hand, birth_date, country_code"
wta_1,matches,278,32,"best_of, draw_size, loser_age, loser_entry, loser_hand, loser_ht, loser_id, loser_ioc, loser_name, loser_rank, loser_rank_points, loser_seed, match_num, minutes, round, score, surface, tourney_date, tourney_id, tourney_level, tourney_name, winner_age, winner_entry, winner_hand, winner_ht, winner_id, winner_ioc, winner_name, winner_rank, winner_rank_points, winner_seed, year"
wta_1,rankings,510437,5,"ranking_date, ranking, player_id, ranking_points, tours"
cinema,film,5,7,"Film_ID, Rank_in_series, Number_in_season, Title, Directed_by, Original_air_date, Production_code"
cinema,cinema,10,5,"Cinema_ID, Name, Openning_year, Capacity, Location"
cinema,schedule,7,5,"Cinema_ID, Film_ID, Date, Show_times_per_day, Price"
formula_1,circuits,73,9,"circuitId, circuitRef, name, location, country, lat, lng, alt, url"
formula_1,races,997,8,"raceId, year, round, circuitId, name, date, time, url"
formula_1,drivers,842,9,"driverId, driverRef, number, code, forename, surname, dob, nationality, url"
formula_1,status,134,2,"statusId, status"
formula_1,seasons,69,2,"year, url"
formula_1,constructors,208,5,"constructorId, constructorRef, name, nationality, url"
formula_1,constructorStandings,11896,7,"constructorStandingsId, raceId, constructorId, points, position, positionText, wins"
formula_1,results,23777,18,"resultId, raceId, driverId, constructorId, number, grid, position, positionText, positionOrder, points, laps, time, milliseconds, fastestLap, rank, fastestLapTime, fastestLapSpeed, statusId"
formula_1,driverStandings,31726,7,"driverStandingsId, raceId, driverId, points, position, positionText, wins"
formula_1,constructorResults,11142,5,"constructorResultsId, raceId, constructorId, points, status"
formula_1,qualifying,7516,9,"qualifyId, raceId, driverId, constructorId, number, position, q1, q2, q3"
formula_1,pitStops,0,7,"raceId, driverId, stop, lap, time, duration, milliseconds"
formula_1,lapTimes,0,6,"raceId, driverId, lap, position, time, milliseconds"
wine_1,grapes,20,3,"ID, Grape, Color"
wine_1,appellations,57,6,"No, Appelation, County, State, Area, isAVA"
wine_1,wine,500,11,"No, Grape, Winery, Appelation, State, Name, Year, Price, Score, Cases, Drink"
gas_company,company,10,9,"Company_ID, Rank, Company, Headquarters, Main_Industry, Sales_billion, Profits_billion, Assets_billion, Market_Value"
gas_company,gas_station,11,6,"Station_ID, Open_Year, Location, Manager_Name, Vice_Manager_Name, Representative_Name"
gas_company,station_company,6,3,"Station_ID, Company_ID, Rank_of_the_Year"
network_2,Person,4,5,"name, age, city, gender, job"
network_2,PersonFriend,4,3,"name, friend, year"
match_season,country,6,4,"Country_id, Country_name, Capital, Official_native_language"
match_season,team,10,2,"Team_id, Name"
match_season,match_season,16,8,"Season, Player, Position, Country, Team, Draft_Pick_Number, Draft_Class, College"
match_season,player,10,7,"Player_ID, Player, Years_Played, Total_WL, Singles_WL, Doubles_WL, Team"
phone_1,chip_model,14,7,"Model_name, Launch_year, RAM_MiB, ROM_MiB, Slots, WiFi, Bluetooth"
phone_1,screen_mode,7,7,"Graphics_mode, Char_cells, Pixels, Hardware_colours, used_kb, map, Type"
phone_1,phone,8,7,"Company_name, Hardware_Model_name, Accreditation_type, Accreditation_level, Date, chip_model, screen_mode"
pets_1,Student,34,8,"StuID, LName, Fname, Age, Sex, Major, Advisor, city_code"
pets_1,Has_Pet,3,2,"StuID, PetID"
pets_1,Pets,3,4,"PetID, PetType, pet_age, weight"
tracking_grants_for_research,Document_Types,2,2,"document_type_code, document_description"
tracking_grants_for_research,Documents,15,6,"document_id, document_type_code, grant_id, sent_date, response_received_date, other_details"
tracking_grants_for_research,Grants,15,6,"grant_id, organisation_id, grant_amount, grant_start_date, grant_end_date, other_details"
tracking_grants_for_research,Organisation_Types,2,2,"organisation_type, organisation_type_description"
tracking_grants_for_research,Organisations,15,3,"organisation_id, organisation_type, organisation_details"
tracking_grants_for_research,Project_Outcomes,15,3,"project_id, outcome_code, outcome_details"
tracking_grants_for_research,Project_Staff,15,6,"staff_id, project_id, role_code, date_from, date_to, other_details"
tracking_grants_for_research,Projects,15,3,"project_id, organisation_id, project_details"
tracking_grants_for_research,Research_Outcomes,2,2,"outcome_code, outcome_description"
tracking_grants_for_research,Research_Staff,15,3,"staff_id, employer_organisation_id, staff_details"
tracking_grants_for_research,Staff_Roles,2,2,"role_code, role_description"
tracking_grants_for_research,Tasks,15,4,"task_id, project_id, task_details, eg Agree Objectives"
party_people,region,5,6,"Region_ID, Region_name, Date, Label, Format, Catalogue"
party_people,party,5,6,"Party_ID, Minister, Took_office, Left_office, Region_ID, Party_name"
party_people,member,15,4,"Member_ID, Member_Name, Party_ID, In_office"
party_people,party_events,8,4,"Event_ID, Event_Name, Party_ID, Member_in_charge_ID"
hr_1,regions,4,2,"REGION_ID, REGION_NAME"
hr_1,countries,25,3,"COUNTRY_ID, COUNTRY_NAME, REGION_ID"
hr_1,departments,27,4,"DEPARTMENT_ID, DEPARTMENT_NAME, MANAGER_ID, LOCATION_ID"
hr_1,jobs,19,4,"JOB_ID, JOB_TITLE, MIN_SALARY, MAX_SALARY"
hr_1,employees,107,11,"EMPLOYEE_ID, FIRST_NAME, LAST_NAME, EMAIL, PHONE_NUMBER, HIRE_DATE, JOB_ID, SALARY, COMMISSION_PCT, MANAGER_ID, DEPARTMENT_ID"
hr_1,job_history,11,5,"EMPLOYEE_ID, START_DATE, END_DATE, JOB_ID, DEPARTMENT_ID"
hr_1,locations,23,6,"LOCATION_ID, STREET_ADDRESS, POSTAL_CODE, CITY, STATE_PROVINCE, COUNTRY_ID"
scientist_1,Scientists,12,2,"SSN, Name"
scientist_1,Projects,14,3,"Code, Name, Hours"
scientist_1,AssignedTo,12,2,"Scientist, Project"
college_3,Student,34,8,"StuID, LName, Fname, Age, Sex, Major, Advisor, city_code"
college_3,Faculty,58,8,"FacID, Lname, Fname, Rank, Sex, Phone, Room, Building"
college_3,Department,26,6,"DNO, Division, DName, Room, Building, DPhone"
college_3,Member_of,63,3,"FacID, DNO, Appt_Type"
college_3,Course,76,7,"CID, CName, Credits, Instructor, Days, Hours, DNO"
college_3,Minor_in,10,2,"StuID, DNO"
college_3,Enrolled_in,210,3,"StuID, CID, Grade"
college_3,Gradeconversion,13,2,"lettergrade, gradepoint"
cre_Doc_Template_Mgt,Ref_Template_Types,5,2,"Template_Type_Code, Template_Type_Description"
cre_Doc_Template_Mgt,Templates,20,6,"Template_ID, Version_Number, Template_Type_Code, Date_Effective_From, Date_Effective_To, Template_Details"
cre_Doc_Template_Mgt,Documents,15,5,"Document_ID, Template_ID, Document_Name, Document_Description, Other_Details"
cre_Doc_Template_Mgt,Paragraphs,15,4,"Paragraph_ID, Document_ID, Paragraph_Text, Other_Details"
restaurants,GEOGRAPHIC,0,3,"CITY_NAME, COUNTY, REGION"
restaurants,RESTAURANT,0,5,"ID, NAME, FOOD_TYPE, CITY_NAME, RATING"
restaurants,LOCATION,0,4,"RESTAURANT_ID, HOUSE_NUMBER, STREET_NAME, CITY_NAME"
program_share,program,5,5,"Program_ID, Name, Origin, Launch, Owner"
program_share,channel,10,5,"Channel_ID, Name, Owner, Share_in_percent, Rating_in_percent"
program_share,broadcast,11,3,"Channel_ID, Program_ID, Time_of_day"
program_share,broadcast_share,9,4,"Channel_ID, Program_ID, Date, Share_in_percent"
college_2,classroom,30,3,"building, room_number, capacity"
college_2,department,20,3,"dept_name, building, budget"
college_2,course,200,4,"course_id, title, dept_name, credits"
college_2,instructor,50,4,"ID, name, dept_name, salary"
college_2,section,100,7,"course_id, sec_id, semester, year, building, room_number, time_slot_id"
college_2,teaches,100,5,"ID, course_id, sec_id, semester, year"
college_2,student,2000,4,"ID, name, dept_name, tot_cred"
college_2,takes,30000,6,"ID, course_id, sec_id, semester, year, grade"
college_2,advisor,2000,2,"s_ID, i_ID"
college_2,time_slot,20,6,"time_slot_id, day, start_hr, start_min, end_hr, end_min"
college_2,prereq,100,2,"course_id, prereq_id"
course_teach,course,10,3,"Course_ID, Staring_Date, Course"
course_teach,teacher,7,4,"Teacher_ID, Name, Age, Hometown"
course_teach,course_arrange,6,3,"Course_ID, Teacher_ID, Grade"
candidate_poll,candidate,6,8,"Candidate_ID, People_ID, Poll_Source, Date, Support_rate, Consider_rate, Oppose_rate, Unsure_rate"
candidate_poll,people,9,6,"People_ID, Sex, Name, Date_of_Birth, Height, Weight"
cre_Doc_Control_Systems,Ref_Document_Types,3,2,"document_type_code, document_type_description"
cre_Doc_Control_Systems,Roles,4,2,"role_code, role_description"
cre_Doc_Control_Systems,Addresses,10,2,"address_id, address_details"
cre_Doc_Control_Systems,Ref_Document_Status,3,2,"document_status_code, document_status_description"
cre_Doc_Control_Systems,Ref_Shipping_Agents,5,3,"shipping_agent_code, shipping_agent_name, shipping_agent_description"
cre_Doc_Control_Systems,Documents,15,7,"document_id, document_status_code, document_type_code, shipping_agent_code, receipt_date, receipt_number, other_details"
cre_Doc_Control_Systems,Employees,6,4,"employee_id, role_code, employee_name, other_details"
cre_Doc_Control_Systems,Document_Drafts,15,3,"document_id, draft_number, draft_details"
cre_Doc_Control_Systems,Draft_Copies,8,3,"document_id, draft_number, copy_number"
cre_Doc_Control_Systems,Circulation_History,4,4,"document_id, draft_number, copy_number, employee_id"
cre_Doc_Control_Systems,Documents_Mailed,14,3,"document_id, mailed_to_address_id, mailing_date"
wedding,people,12,5,"People_ID, Name, Country, Is_Male, Age"
wedding,church,9,5,"Church_ID, Name, Organized_by, Open_Date, Continuation_of"
wedding,wedding,4,4,"Church_ID, Male_ID, Female_ID, Year"
yelp,business,0,11,"bid, business_id, name, full_address, city, latitude, longitude, review_count, is_open, rating, state"
yelp,category,0,3,"id, business_id, category_name"
yelp,user,0,3,"uid, user_id, name"
yelp,checkin,0,4,"cid, business_id, count, day"
yelp,neighbourhood,0,3,"id, business_id, neighbourhood_name"
yelp,review,0,7,"rid, business_id, user_id, rating, text, year, month"
yelp,tip,0,7,"tip_id, business_id, text, user_id, likes, year, month"
document_management,Roles,2,2,"role_code, role_description"
document_management,Users,15,5,"user_id, role_code, user_name, user_login, password"
document_management,Document_Structures,5,3,"document_structure_code, parent_document_structure_code, document_structure_description"
document_management,Functional_Areas,3,3,"functional_area_code, parent_functional_area_code, functional_area_description"
document_management,Images,15,4,"image_id, image_alt_text, image_name, image_url"
document_management,Documents,15,5,"document_code, document_structure_code, document_type_code, access_count, document_name"
document_management,Document_Functional_Areas,15,2,"document_code, functional_area_code"
document_management,Document_Sections,15,5,"section_id, document_code, section_sequence, section_code, section_title"
document_management,Document_Sections_Images,20,2,"section_id, image_id"
loan_1,bank,4,5,"branch_ID, bname, no_of_customers, city, state"
loan_1,customer,3,8,"cust_ID, cust_name, acc_type, acc_bal, no_of_loans, credit_score, branch_ID, state"
loan_1,loan,3,5,"loan_ID, loan_type, cust_ID, branch_ID, amount"
railway,railway,10,7,"Railway_ID, Railway, Builder, Built, Wheels, Location, ObjectNumber"
railway,train,9,6,"Train_ID, Train_Num, Name, From, Arrival, Railway_ID"
railway,manager,7,6,"Manager_ID, Name, Country, Working_year_starts, Age, Level"
railway,railway_manage,4,3,"Railway_ID, Manager_ID, From_Year"
geo,state,0,6,"state_name, population, area, country_name, capital, density"
geo,city,0,4,"city_name, population, country_name, state_name"
geo,border_info,0,2,"state_name, border"
geo,highlow,0,5,"state_name, highest_elevation, lowest_point, highest_point, lowest_elevation"
geo,lake,0,4,"lake_name, area, country_name, state_name"
geo,mountain,0,4,"mountain_name, mountain_altitude, country_name, state_name"
geo,river,0,4,"river_name, length, country_name, traverse"
sakila_1,actor,200,4,"actor_id, first_name, last_name, last_update"
sakila_1,address,603,8,"address_id, address, address2, district, city_id, postal_code, phone, last_update"
sakila_1,category,16,3,"category_id, name, last_update"
sakila_1,city,600,4,"city_id, city, country_id, last_update"
sakila_1,country,109,3,"country_id, country, last_update"
sakila_1,customer,599,9,"customer_id, store_id, first_name, last_name, email, address_id, active, create_date, last_update"
sakila_1,film,1000,13,"film_id, title, description, release_year, language_id, original_language_id, rental_duration, rental_rate, length, replacement_cost, rating, special_features, last_update"
sakila_1,film_actor,5462,3,"actor_id, film_id, last_update"
sakila_1,film_category,1000,3,"film_id, category_id, last_update"
sakila_1,film_text,0,3,"film_id, title, description"
sakila_1,inventory,4581,4,"inventory_id, film_id, store_id, last_update"
sakila_1,language,0,3,"language_id, name, last_update"
sakila_1,payment,16049,7,"payment_id, customer_id, staff_id, rental_id, amount, payment_date, last_update"
sakila_1,rental,16044,7,"rental_id, rental_date, inventory_id, customer_id, return_date, staff_id, last_update"
sakila_1,staff,0,11,"staff_id, first_name, last_name, address_id, picture, email, store_id, active, username, password, last_update"
sakila_1,store,0,4,"store_id, manager_staff_id, address_id, last_update"
movie_1,Movie,8,4,"mID, title, year, director"
movie_1,Reviewer,8,2,"rID, name"
movie_1,Rating,14,4,"rID, mID, stars, ratingDate"
flight_company,airport,9,6,"id, City, Country, IATA, ICAO, name"
flight_company,operate_company,14,6,"id, name, Type, Principal_activities, Incorporated_in, Group_Equity_Shareholding"
flight_company,flight,13,8,"id, Vehicle_Flight_number, Date, Pilot, Velocity, Altitude, airport_id, company_id"
csu_1,Campuses,23,5,"Id, Campus, Location, County, Year"
csu_1,csu_fees,23,3,"Campus, Year, CampusFee"
csu_1,degrees,320,3,"Year, Campus, Degrees"
csu_1,discipline_enrollments,395,5,"Campus, Discipline, Year, Undergraduate, Graduate"
csu_1,enrollments,1113,4,"Campus, Year, TotalEnrollment_AY, FTE_AY"
csu_1,faculty,69,3,"Campus, Year, Faculty"
company_employee,people,7,5,"People_ID, Age, Name, Nationality, Graduation_College"
company_employee,company,19,8,"Company_ID, Name, Headquarters, Industry, Sales_in_Billion, Profits_in_Billion, Assets_in_Billion, Market_Value_in_Billion"
company_employee,employment,5,3,"Company_ID, People_ID, Year_working"
orchestra,conductor,12,5,"Conductor_ID, Name, Age, Nationality, Year_of_Work"
orchestra,orchestra,12,6,"Orchestra_ID, Orchestra, Conductor_ID, Record_Company, Year_of_Founded, Major_Record_Format"
orchestra,performance,11,7,"Performance_ID, Orchestra_ID, Type, Date, Official_ratings_(millions), Weekly_rank, Share"
orchestra,show,5,5,"Show_ID, Performance_ID, If_first_show, Result, Attendance"
car_1,continents,5,2,"ContId, Continent"
car_1,countries,15,3,"CountryId, CountryName, Continent"
car_1,car_makers,22,4,"Id, Maker, FullName, Country"
car_1,model_list,36,3,"ModelId, Maker, Model"
car_1,car_names,406,3,"MakeId, Model, Make"
car_1,cars_data,406,8,"Id, MPG, Cylinders, Edispl, Horsepower, Weight, Accelerate, Year"
customers_card_transactions,Accounts,15,4,"account_id, customer_id, account_name, other_account_details"
customers_card_transactions,Customers,15,7,"customer_id, customer_first_name, customer_last_name, customer_address, customer_phone, customer_email, other_customer_details"
customers_card_transactions,Customers_Cards,15,7,"card_id, customer_id, card_type_code, card_number, date_valid_from, date_valid_to, other_card_details"
customers_card_transactions,Financial_Transactions,15,9,"transaction_id, previous_transaction_id, account_id, card_id, transaction_type, transaction_date, transaction_amount, transaction_comment, other_transaction_details"
machine_repair,repair,9,4,"repair_ID, name, Launch_Date, Notes"
machine_repair,machine,9,7,"Machine_ID, Making_Year, Class, Team, Machine_series, value_points, quality_rank"
machine_repair,technician,10,5,"technician_id, Name, Team, Starting_Year, Age"
machine_repair,repair_assignment,9,3,"technician_id, repair_ID, Machine_ID"
shop_membership,member,10,5,"Member_ID, Card_Number, Name, Hometown, Level"
shop_membership,branch,8,6,"Branch_ID, Name, Open_year, Address_road, City, membership_amount"
shop_membership,membership_register_branch,8,3,"Member_ID, Branch_ID, Register_Year"
shop_membership,purchase,8,4,"Member_ID, Branch_ID, Year, Total_pounds"
wrestler,wrestler,10,6,"Wrestler_ID, Name, Reign, Days_held, Location, Event"
wrestler,Elimination,6,6,"Elimination_ID, Wrestler_ID, Team, Eliminated_By, Elimination_Move, Time"
performance_attendance,member,11,4,"Member_ID, Name, Nationality, Role"
performance_attendance,performance,6,5,"Performance_ID, Date, Host, Location, Attendance"
performance_attendance,member_attendance,8,3,"Member_ID, Performance_ID, Num_of_Pieces"
debate,people,10,5,"People_ID, District, Name, Party, Age"
debate,debate,6,4,"Debate_ID, Date, Venue, Num_of_Audience"
debate,debate_people,5,4,"Debate_ID, Affirmative, Negative, If_Affirmative_Win"
icfp_1,Inst,8,3,"instID, name, country"
icfp_1,Authors,13,3,"authID, lname, fname"
icfp_1,Papers,7,2,"paperID, title"
icfp_1,Authorship,14,4,"authID, instID, paperID, authOrder"
e_learning,Course_Authors_and_Tutors,15,9,"author_id, author_tutor_ATB, login_name, password, personal_name, middle_name, family_name, gender_mf, address_line_1"
e_learning,Students,15,8,"student_id, date_of_registration, date_of_latest_logon, login_name, password, personal_name, middle_name, family_name"
e_learning,Subjects,3,2,"subject_id, subject_name"
e_learning,Courses,15,5,"course_id, author_id, subject_id, course_name, course_description"
e_learning,Student_Course_Enrolment,20,5,"registration_id, student_id, course_id, date_of_enrolment, date_of_completion"
e_learning,Student_Tests_Taken,15,3,"registration_id, date_test_taken, test_result"
customer_deliveries,Products,6,4,"product_id, product_name, product_price, product_description"
customer_deliveries,Addresses,15,6,"address_id, address_details, city, zip_postcode, state_province_county, country"
customer_deliveries,Customers,15,6,"customer_id, payment_method, customer_name, customer_phone, customer_email, date_became_customer"
customer_deliveries,Regular_Orders,15,2,"regular_order_id, distributer_id"
customer_deliveries,Regular_Order_Products,15,2,"regular_order_id, product_id"
customer_deliveries,Actual_Orders,15,4,"actual_order_id, order_status_code, regular_order_id, actual_order_date"
customer_deliveries,Actual_Order_Products,15,2,"actual_order_id, product_id"
customer_deliveries,Customer_Addresses,15,5,"customer_id, address_id, date_from, address_type, date_to"
customer_deliveries,Delivery_Routes,15,3,"route_id, route_name, other_route_details"
customer_deliveries,Delivery_Route_Locations,15,4,"location_code, route_id, location_address_id, location_name"
customer_deliveries,Trucks,15,3,"truck_id, truck_licence_number, truck_details"
customer_deliveries,Employees,15,4,"employee_id, employee_address_id, employee_name, employee_phone"
customer_deliveries,Order_Deliveries,15,6,"location_code, actual_order_id, delivery_status_code, driver_employee_id, truck_id, delivery_date"
academic,author,0,4,"aid, homepage, name, oid"
academic,conference,0,3,"cid, homepage, name"
academic,domain,0,2,"did, name"
academic,domain_author,0,2,"aid, did"
academic,domain_conference,0,2,"cid, did"
academic,journal,0,3,"homepage, jid, name"
academic,domain_journal,0,2,"did, jid"
academic,keyword,0,2,"keyword, kid"
academic,domain_keyword,0,2,"did, kid"
academic,publication,0,8,"abstract, cid, citation_num, jid, pid, reference_num, title, year"
academic,domain_publication,0,2,"did, pid"
academic,organization,0,4,"continent, homepage, name, oid"
academic,publication_keyword,0,2,"pid, kid"
academic,writes,0,2,"aid, pid"
academic,cite,0,2,"cited, citing"
cre_Doc_Tracking_DB,Ref_Document_Types,4,3,"Document_Type_Code, Document_Type_Name, Document_Type_Description"
cre_Doc_Tracking_DB,Ref_Calendar,15,2,"Calendar_Date, Day_Number"
cre_Doc_Tracking_DB,Ref_Locations,5,3,"Location_Code, Location_Name, Location_Description"
cre_Doc_Tracking_DB,Roles,5,3,"Role_Code, Role_Name, Role_Description"
cre_Doc_Tracking_DB,All_Documents,15,6,"Document_ID, Date_Stored, Document_Type_Code, Document_Name, Document_Description, Other_Details"
cre_Doc_Tracking_DB,Employees,15,6,"Employee_ID, Role_Code, Employee_Name, Gender_MFU, Date_of_Birth, Other_Details"
cre_Doc_Tracking_DB,Document_Locations,15,4,"Document_ID, Location_Code, Date_in_Location_From, Date_in_Locaton_To"
cre_Doc_Tracking_DB,Documents_to_be_Destroyed,11,6,"Document_ID, Destruction_Authorised_by_Employee_ID, Destroyed_by_Employee_ID, Planned_Destruction_Date, Actual_Destruction_Date, Other_Details"
entertainment_awards,festival_detail,5,6,"Festival_ID, Festival_Name, Chair_Name, Location, Year, Num_of_Audience"
entertainment_awards,artwork,9,3,"Artwork_ID, Type, Name"
entertainment_awards,nomination,6,3,"Artwork_ID, Festival_ID, Result"
department_store,Addresses,15,2,"address_id, address_details"
department_store,Staff,15,3,"staff_id, staff_gender, staff_name"
department_store,Suppliers,4,3,"supplier_id, supplier_name, supplier_phone"
department_store,Department_Store_Chain,4,2,"dept_store_chain_id, dept_store_chain_name"
department_store,Customers,15,7,"customer_id, payment_method_code, customer_code, customer_name, customer_address, customer_phone, customer_email"
department_store,Products,15,4,"product_id, product_type_code, product_name, product_price"
department_store,Supplier_Addresses,4,4,"supplier_id, address_id, date_from, date_to"
department_store,Customer_Addresses,15,4,"customer_id, address_id, date_from, date_to"
department_store,Customer_Orders,15,4,"order_id, customer_id, order_status_code, order_date"
department_store,Department_Stores,15,6,"dept_store_id, dept_store_chain_id, store_name, store_address, store_phone, store_email"
department_store,Departments,5,3,"department_id, dept_store_id, department_name"
department_store,Order_Items,15,3,"order_item_id, order_id, product_id"
department_store,Product_Suppliers,15,6,"product_id, supplier_id, date_supplied_from, date_supplied_to, total_amount_purchased, total_value_purchased"
department_store,Staff_Department_Assignments,15,5,"staff_id, department_id, date_assigned_from, job_title_code, date_assigned_to"
customers_and_products_contacts,Addresses,15,6,"address_id, line_1_number_building, city, zip_postcode, state_province_county, country"
customers_and_products_contacts,Products,15,4,"product_id, product_type_code, product_name, product_price"
customers_and_products_contacts,Customers,15,7,"customer_id, payment_method_code, customer_number, customer_name, customer_address, customer_phone, customer_email"
customers_and_products_contacts,Contacts,15,6,"contact_id, customer_id, gender, first_name, last_name, contact_phone"
customers_and_products_contacts,Customer_Address_History,20,4,"customer_id, address_id, date_from, date_to"
customers_and_products_contacts,Customer_Orders,15,4,"order_id, customer_id, order_date, order_status_code"
customers_and_products_contacts,Order_Items,15,4,"order_item_id, order_id, product_id, order_quantity"
voter_2,Student,34,8,"StuID, LName, Fname, Age, Sex, Major, Advisor, city_code"
voter_2,Voting_record,10,9,"StuID, Registration_Date, Election_Cycle, President_Vote, Vice_President_Vote, Secretary_Vote, Treasurer_Vote, Class_President_Vote, Class_Senator_Vote"
driving_school,Addresses,15,6,"address_id, line_1_number_building, city, zip_postcode, state_province_county, country"
driving_school,Staff,15,9,"staff_id, staff_address_id, nickname, first_name, middle_name, last_name, date_of_birth, date_joined_staff, date_left_staff"
driving_school,Vehicles,3,2,"vehicle_id, vehicle_details"
driving_school,Customers,15,11,"customer_id, customer_address_id, customer_status_code, date_became_customer, date_of_birth, first_name, last_name, amount_outstanding, email_address, phone_number, cell_mobile_phone_number"
driving_school,Customer_Payments,15,4,"customer_id, datetime_payment, payment_method_code, amount_payment"
driving_school,Lessons,15,8,"lesson_id, customer_id, lesson_status_code, staff_id, vehicle_id, lesson_date, lesson_time, price"
school_finance,School,8,8,"School_id, School_name, Location, Mascot, Enrollment, IHSAA_Class, IHSAA_Football_Class, County"
school_finance,budget,8,7,"School_id, Year, Budgeted, total_budget_percent_budgeted, Invested, total_budget_percent_invested, Budget_invested_percent"
school_finance,endowment,11,4,"endowment_id, School_id, donator_name, amount"
roller_coaster,roller_coaster,6,9,"Roller_Coaster_ID, Name, Park, Country_ID, Length, Height, Speed, Opened, Status"
roller_coaster,country,3,5,"Country_ID, Name, Population, Area, Languages"
journal_committee,journal,16,4,"Journal_ID, Date, Theme, Sales"
journal_committee,editor,9,3,"Editor_ID, Name, Age"
journal_committee,journal_committee,7,3,"Editor_ID, Journal_ID, Work_Type"
flight_4,routes,67240,8,"rid, dst_apid, dst_ap, src_apid, src_ap, alid, airline, codeshare"
flight_4,airports,7184,9,"apid, name, city, country, x, y, elevation, iata, icao"
flight_4,airlines,6162,7,"alid, name, iata, icao, callsign, country, active"
club_1,Student,34,8,"StuID, LName, Fname, Age, Sex, Major, Advisor, city_code"
club_1,Club,4,4,"ClubID, ClubName, ClubDesc, ClubLocation"
club_1,Member_of_club,4,3,"StuID, ClubID, Position"
epinions_1,item,8,2,"i_id, title"
epinions_1,review,7,5,"a_id, u_id, i_id, rating, rank"
epinions_1,useracct,7,2,"u_id, name"
epinions_1,trust,9,3,"source_u_id, target_u_id, trust"
decoration_competition,college,5,4,"College_ID, Name, Leader_Name, College_Location"
decoration_competition,member,10,4,"Member_ID, Name, Country, College_ID"
decoration_competition,round,6,4,"Round_ID, Member_ID, Decoration_Theme, Rank_in_Round"
architecture,architect,5,4,"id, name, nationality, gender"
architecture,bridge,15,6,"architect_id, id, name, location, length_meters, length_feet"
architecture,mill,6,7,"architect_id, id, location, name, type, built_year, notes"
train_station,station,12,8,"Station_ID, Name, Annual_entry_exit, Annual_interchanges, Total_Passengers, Location, Main_Services, Number_of_Platforms"
train_station,train,11,4,"Train_ID, Name, Time, Service"
train_station,train_station,11,2,"Train_ID, Station_ID"
allergy_1,Allergy_Type,14,2,"Allergy, AllergyType"
allergy_1,Has_Allergy,59,2,"StuID, Allergy"
allergy_1,Student,34,8,"StuID, LName, Fname, Age, Sex, Major, Advisor, city_code"
soccer_1,Player_Attributes,183978,42,"id, player_fifa_api_id, player_api_id, date, overall_rating, potential, preferred_foot, attacking_work_rate, defensive_work_rate, crossing, finishing, heading_accuracy, short_passing, volleys, dribbling, curve, free_kick_accuracy, long_passing, ball_control, acceleration, sprint_speed, agility, reactions, balance, shot_power, jumping, stamina, strength, long_shots, aggression, interceptions, positioning, vision, penalties, marking, standing_tackle, sliding_tackle, gk_diving, gk_handling, gk_kicking, gk_positioning, gk_reflexes"
soccer_1,sqlite_sequence,6,2,"name, seq"
soccer_1,Player,11060,7,"id, player_api_id, player_name, player_fifa_api_id, birthday, height, weight"
soccer_1,League,11,3,"id, country_id, name"
soccer_1,Country,11,2,"id, name"
soccer_1,Team,299,5,"id, team_api_id, team_fifa_api_id, team_long_name, team_short_name"
soccer_1,Team_Attributes,1458,25,"id, team_fifa_api_id, team_api_id, date, buildUpPlaySpeed, buildUpPlaySpeedClass, buildUpPlayDribbling, buildUpPlayDribblingClass, buildUpPlayPassing, buildUpPlayPassingClass, buildUpPlayPositioningClass, chanceCreationPassing, chanceCreationPassingClass, chanceCreationCrossing, chanceCreationCrossingClass, chanceCreationShooting, chanceCreationShootingClass, chanceCreationPositioningClass, defencePressure, defencePressureClass, defenceAggression, defenceAggressionClass, defenceTeamWidth, defenceTeamWidthClass, defenceDefenderLineClass"
election_representative,election,5,7,"Election_ID, Representative_ID, Date, Votes, Vote_Percent, Seats, Place"
election_representative,representative,7,5,"Representative_ID, Name, State, Party, Lifespan"
city_record,city,13,6,"City_ID, City, Hanzi, Hanyu_Pinyin, Regional_Population, GDP"
city_record,match,6,6,"Match_ID, Date, Venue, Score, Result, Competition"
city_record,temperature,8,12,"City_ID, Jan, Feb, Mar, Apr, Jun, Jul, Aug, Sep, Oct, Nov, Dec"
city_record,hosting_city,6,3,"Year, Match_ID, Host_City"
customers_campaigns_ecommerce,Premises,15,3,"premise_id, premises_type, premise_details"
customers_campaigns_ecommerce,Products,15,3,"product_id, product_category, product_name"
customers_campaigns_ecommerce,Customers,15,8,"customer_id, payment_method, customer_name, customer_phone, customer_email, customer_address, customer_login, customer_password"
customers_campaigns_ecommerce,Mailshot_Campaigns,20,5,"mailshot_id, product_category, mailshot_name, mailshot_start_date, mailshot_end_date"
customers_campaigns_ecommerce,Customer_Addresses,15,5,"customer_id, premise_id, date_address_from, address_type_code, date_address_to"
customers_campaigns_ecommerce,Customer_Orders,15,7,"order_id, customer_id, order_status_code, shipping_method_code, order_placed_datetime, order_delivered_datetime, order_shipping_charges"
customers_campaigns_ecommerce,Mailshot_Customers,15,4,"mailshot_id, customer_id, outcome_code, mailshot_customer_date"
customers_campaigns_ecommerce,Order_Items,15,7,"item_id, order_item_status_code, order_id, product_id, item_status_code, item_delivered_datetime, item_order_quantity"
flight_2,airlines,12,4,"uid, Airline, Abbreviation, Country"
flight_2,airports,100,5,"City, AirportCode, AirportName, Country, CountryAbbrev"
flight_2,flights,1200,4,"Airline, FlightNo, SourceAirport, DestAirport"
poker_player,poker_player,5,6,"Poker_Player_ID, People_ID, Final_Table_Made, Best_Finish, Money_Rank, Earnings"
poker_player,people,7,5,"People_ID, Nationality, Name, Birth_Date, Height"
customer_complaints,Staff,7,6,"staff_id, gender, first_name, last_name, email_address, phone_number"
customer_complaints,Customers,8,8,"customer_id, customer_type_code, address_line_1, address_line_2, town_city, state, email_address, phone_number"
customer_complaints,Products,4,8,"product_id, parent_product_id, product_category_code, date_product_first_available, date_product_discontinued, product_name, product_description, product_price"
customer_complaints,Complaints,12,9,"complaint_id, product_id, customer_id, complaint_outcome_code, complaint_status_code, complaint_type_code, date_complaint_raised, date_complaint_closed, staff_id"
company_1,works_on,16,3,"Essn, Pno, Hours"
company_1,employee,8,10,"Fname, Minit, Lname, Ssn, Bdate, Address, Sex, Salary, Super_ssn, Dno"
company_1,department,3,4,"Dname, Dnumber, Mgr_ssn, Mgr_start_date"
company_1,project,6,4,"Pname, Pnumber, Plocation, Dnum"
company_1,dependent,7,5,"Essn, Dependent_name, Sex, Bdate, Relationship"
company_1,dept_locations,5,2,"Dnumber, Dlocation"
concert_singer,stadium,9,7,"Stadium_ID, Location, Name, Capacity, Highest, Lowest, Average"
concert_singer,singer,6,7,"Singer_ID, Name, Country, Song_Name, Song_release_year, Age, Is_male"
concert_singer,concert,6,5,"concert_ID, concert_Name, Theme, Stadium_ID, Year"
concert_singer,singer_in_concert,10,2,"concert_ID, Singer_ID"
cre_Docs_and_Epenses,Ref_Document_Types,5,3,"Document_Type_Code, Document_Type_Name, Document_Type_Description"
cre_Docs_and_Epenses,Ref_Budget_Codes,3,2,"Budget_Type_Code, Budget_Type_Description"
cre_Docs_and_Epenses,Projects,5,2,"Project_ID, Project_Details"
cre_Docs_and_Epenses,Documents,15,7,"Document_ID, Document_Type_Code, Project_ID, Document_Date, Document_Name, Document_Description, Other_Details"
cre_Docs_and_Epenses,Statements,2,2,"Statement_ID, Statement_Details"
cre_Docs_and_Epenses,Documents_with_Expenses,10,3,"Document_ID, Budget_Type_Code, Document_Details"
cre_Docs_and_Epenses,Accounts,15,3,"Account_ID, Statement_ID, Account_Details"
insurance_and_eClaims,Customers,15,2,"Customer_ID, Customer_Details"
insurance_and_eClaims,Staff,15,2,"Staff_ID, Staff_Details"
insurance_and_eClaims,Policies,15,5,"Policy_ID, Customer_ID, Policy_Type_Code, Start_Date, End_Date"
insurance_and_eClaims,Claim_Headers,15,8,"Claim_Header_ID, Claim_Status_Code, Claim_Type_Code, Policy_ID, Date_of_Claim, Date_of_Settlement, Amount_Claimed, Amount_Piad"
insurance_and_eClaims,Claims_Documents,14,4,"Claim_ID, Document_Type_Code, Created_by_Staff_ID, Created_Date"
insurance_and_eClaims,Claims_Processing_Stages,2,4,"Claim_Stage_ID, Next_Claim_Stage_ID, Claim_Status_Name, Claim_Status_Description"
insurance_and_eClaims,Claims_Processing,15,5,"Claim_Processing_ID, Claim_ID, Claim_Outcome_Code, Claim_Stage_ID, Staff_ID"
insurance_policies,Customers,15,2,"Customer_ID, Customer_Details"
insurance_policies,Customer_Policies,15,5,"Policy_ID, Customer_ID, Policy_Type_Code, Start_Date, End_Date"
insurance_policies,Claims,15,6,"Claim_ID, Policy_ID, Date_Claim_Made, Date_Claim_Settled, Amount_Claimed, Amount_Settled"
insurance_policies,Settlements,15,7,"Settlement_ID, Claim_ID, Date_Claim_Made, Date_Claim_Settled, Amount_Claimed, Amount_Settled, Customer_Policy_ID"
insurance_policies,Payments,15,5,"Payment_ID, Settlement_ID, Payment_Method_Code, Date_Payment_Made, Amount_Payment"
county_public_safety,county_public_safety,6,9,"County_ID, Name, Population, Police_officers, Residents_per_officer, Case_burden, Crime_rate, Police_force, Location"
county_public_safety,city,17,9,"City_ID, County_ID, Name, White, Black, Amerindian, Asian, Multiracial, Hispanic"
baseball_1,all_star,5069,8,"player_id, year, game_num, game_id, team_id, league_id, gp, starting_pos"
baseball_1,appearances,100951,21,"year, team_id, league_id, player_id, g_all, gs, g_batting, g_defense, g_p, g_c, g_1b, g_2b, g_3b, g_ss, g_lf, g_cf, g_rf, g_of, g_dh, g_ph, g_pr"
baseball_1,manager_award,177,6,"player_id, award_id, year, league_id, tie, notes"
baseball_1,player_award,6078,6,"player_id, award_id, year, league_id, tie, notes"
baseball_1,manager_award_vote,414,7,"award_id, year, league_id, player_id, points_won, points_max, votes_first"
baseball_1,player_award_vote,6795,7,"award_id, year, league_id, player_id, points_won, points_max, votes_first"
baseball_1,batting,101332,22,"player_id, year, stint, team_id, league_id, g, ab, r, h, double, triple, hr, rbi, sb, cs, bb, so, ibb, hbp, sh, sf, g_idp"
baseball_1,batting_postseason,11690,22,"year, round, player_id, team_id, league_id, g, ab, r, h, double, triple, hr, rbi, sb, cs, bb, so, ibb, hbp, sh, sf, g_idp"
baseball_1,player_college,17350,3,"player_id, college_id, year"
baseball_1,fielding,170526,18,"player_id, year, stint, team_id, league_id, pos, g, gs, inn_outs, po, a, e, dp, pb, wp, sb, cs, zr"
baseball_1,fielding_outfield,12028,6,"player_id, year, stint, glf, gcf, grf"
baseball_1,fielding_postseason,12311,17,"player_id, year, team_id, league_id, round, pos, g, gs, inn_outs, po, a, e, dp, tp, pb, sb, cs"
baseball_1,hall_of_fame,4120,9,"player_id, yearid, votedby, ballots, needed, votes, inducted, category, needed_note"
baseball_1,home_game,2944,9,"year, league_id, team_id, park_id, span_first, span_last, games, openings, attendance"
baseball_1,manager,3405,10,"player_id, year, team_id, league_id, inseason, g, w, l, rank, plyr_mgr"
baseball_1,manager_half,93,10,"player_id, year, team_id, league_id, inseason, half, g, w, l, rank"
baseball_1,player,18846,24,"player_id, birth_year, birth_month, birth_day, birth_country, birth_state, birth_city, death_year, death_month, death_day, death_country, death_state, death_city, name_first, name_last, name_given, weight, height, bats, throws, debut, final_game, retro_id, bbref_id"
baseball_1,park,250,6,"park_id, park_name, park_alias, city, state, country"
baseball_1,pitching,44139,30,"player_id, year, stint, team_id, league_id, w, l, g, gs, cg, sho, sv, ipouts, h, er, hr, bb, so, baopp, era, ibb, wp, hbp, bk, bfp, gf, r, sh, sf, g_idp"
baseball_1,pitching_postseason,5109,30,"player_id, year, round, team_id, league_id, w, l, g, gs, cg, sho, sv, ipouts, h, er, hr, bb, so, baopp, era, ibb, wp, hbp, bk, bfp, gf, r, sh, sf, g_idp"
baseball_1,salary,25575,5,"year, team_id, league_id, player_id, salary"
baseball_1,college,1207,5,"college_id, name_full, city, state, country"
baseball_1,postseason,307,9,"year, round, team_id_winner, league_id_winner, team_id_loser, league_id_loser, wins, losses, ties"
baseball_1,team,2805,48,"year, league_id, team_id, franchise_id, div_id, rank, g, ghome, w, l, div_win, wc_win, lg_win, ws_win, r, ab, h, double, triple, hr, bb, so, sb, cs, hbp, sf, ra, er, era, cg, sho, sv, ipouts, ha, hra, bba, soa, e, dp, fp, name, park, attendance, bpf, ppf, team_id_br, team_id_lahman45, team_id_retro"
baseball_1,team_franchise,120,4,"franchise_id, franchise_name, active, na_assoc"
baseball_1,team_half,52,10,"year, league_id, team_id, half, div_id, div_win, rank, g, w, l"
imdb,actor,0,6,"aid, gender, name, nationality, birth_city, birth_year"
imdb,copyright,0,3,"id, msid, cid"
imdb,cast,0,4,"id, msid, aid, role"
imdb,genre,0,2,"gid, genre"
imdb,classification,0,3,"id, msid, gid"
imdb,company,0,3,"id, name, country_code"
imdb,director,0,6,"did, gender, name, nationality, birth_city, birth_year"
imdb,producer,0,6,"pid, gender, name, nationality, birth_city, birth_year"
imdb,directed_by,0,3,"id, msid, did"
imdb,keyword,0,2,"id, keyword"
imdb,made_by,0,3,"id, msid, pid"
imdb,movie,0,5,"mid, title, release_year, title_aka, budget"
imdb,tags,0,3,"id, msid, kid"
imdb,tv_series,0,7,"sid, title, release_year, num_of_seasons, num_of_episodes, title_aka, budget"
imdb,writer,0,7,"wid, gender, name, nationality, num_of_episodes, birth_city, birth_year"
imdb,written_by,0,3,"id, msid, wid"
music_2,Songs,0,2,"SongId, Title"
music_2,Albums,0,5,"AId, Title, Year, Label, Type"
music_2,Band,0,3,"Id, Firstname, Lastname"
music_2,Instruments,0,3,"SongId, BandmateId, Instrument"
music_2,Performance,0,3,"SongId, Bandmate, StagePosition"
music_2,Tracklists,0,3,"AlbumId, Position, SongId"
music_2,Vocals,0,3,"SongId, Bandmate, Type"
network_1,Highschooler,16,3,"ID, name, grade"
network_1,Friend,20,2,"student_id, friend_id"
network_1,Likes,10,2,"student_id, liked_id"
climbing,mountain,7,6,"Mountain_ID, Name, Height, Prominence, Range, Country"
climbing,climber,10,6,"Climber_ID, Name, Country, Time, Points, Mountain_ID"
swimming,swimmer,8,11,"ID, name, Nationality, meter_100, meter_200, meter_300, meter_400, meter_500, meter_600, meter_700, Time"
swimming,stadium,10,6,"ID, name, Capacity, City, Country, Opening_year"
swimming,event,6,4,"ID, Name, Stadium_ID, Year"
swimming,record,13,4,"ID, Result, Swimmer_ID, Event_ID"
customers_and_addresses,Addresses,15,7,"address_id, address_content, city, zip_postcode, state_province_county, country, other_address_details"
customers_and_addresses,Products,3,2,"product_id, product_details"
customers_and_addresses,Customers,15,5,"customer_id, payment_method, customer_name, date_became_customer, other_customer_details"
customers_and_addresses,Customer_Addresses,15,5,"customer_id, address_id, date_address_from, address_type, date_address_to"
customers_and_addresses,Customer_Contact_Channels,20,5,"customer_id, channel_code, active_from_date, active_to_date, contact_number"
customers_and_addresses,Customer_Orders,15,5,"order_id, customer_id, order_status, order_date, order_details"
customers_and_addresses,Order_Items,15,3,"order_id, product_id, order_quantity"
tracking_share_transactions,Investors,20,2,"investor_id, Investor_details"
tracking_share_transactions,Lots,15,3,"lot_id, investor_id, lot_details"
tracking_share_transactions,Ref_Transaction_Types,2,2,"transaction_type_code, transaction_type_description"
tracking_share_transactions,Transactions,15,7,"transaction_id, investor_id, transaction_type_code, date_of_transaction, amount_of_transaction, share_count, other_details"
tracking_share_transactions,Sales,15,2,"sales_transaction_id, sales_details"
tracking_share_transactions,Purchases,15,2,"purchase_transaction_id, purchase_details"
tracking_share_transactions,Transactions_Lots,15,2,"transaction_id, lot_id"
game_1,Student,34,8,"StuID, LName, Fname, Age, Sex, Major, Advisor, city_code"
game_1,Video_Games,6,3,"GameID, GName, GType"
game_1,Plays_Games,10,3,"StuID, GameID, Hours_Played"
game_1,SportsInfo,14,5,"StuID, SportName, HoursPerWeek, GamesPlayed, OnScholarship"
cre_Drama_Workshop_Groups,Ref_Payment_Methods,3,2,"payment_method_code, payment_method_description"
cre_Drama_Workshop_Groups,Ref_Service_Types,4,3,"Service_Type_Code, Parent_Service_Type_Code, Service_Type_Description"
cre_Drama_Workshop_Groups,Addresses,20,6,"Address_ID, Line_1, Line_2, City_Town, State_County, Other_Details"
cre_Drama_Workshop_Groups,Products,15,5,"Product_ID, Product_Name, Product_Price, Product_Description, Other_Product_Service_Details"
cre_Drama_Workshop_Groups,Marketing_Regions,8,4,"Marketing_Region_Code, Marketing_Region_Name, Marketing_Region_Descriptrion, Other_Details"
cre_Drama_Workshop_Groups,Clients,20,6,"Client_ID, Address_ID, Customer_Email_Address, Customer_Name, Customer_Phone, Other_Details"
cre_Drama_Workshop_Groups,Drama_Workshop_Groups,15,8,"Workshop_Group_ID, Address_ID, Currency_Code, Marketing_Region_Code, Store_Name, Store_Phone, Store_Email_Address, Other_Details"
cre_Drama_Workshop_Groups,Performers,20,6,"Performer_ID, Address_ID, Customer_Name, Customer_Phone, Customer_Email_Address, Other_Details"
cre_Drama_Workshop_Groups,Customers,15,6,"Customer_ID, Address_ID, Customer_Name, Customer_Phone, Customer_Email_Address, Other_Details"
cre_Drama_Workshop_Groups,Stores,10,7,"Store_ID, Address_ID, Marketing_Region_Code, Store_Name, Store_Phone, Store_Email_Address, Other_Details"
cre_Drama_Workshop_Groups,Bookings,15,9,"Booking_ID, Customer_ID, Workshop_Group_ID, Status_Code, Store_ID, Order_Date, Planned_Delivery_Date, Actual_Delivery_Date, Other_Order_Details"
cre_Drama_Workshop_Groups,Performers_in_Bookings,18,2,"Order_ID, Performer_ID"
cre_Drama_Workshop_Groups,Customer_Orders,15,7,"Order_ID, Customer_ID, Store_ID, Order_Date, Planned_Delivery_Date, Actual_Delivery_Date, Other_Order_Details"
cre_Drama_Workshop_Groups,Order_Items,15,5,"Order_Item_ID, Order_ID, Product_ID, Order_Quantity, Other_Item_Details"
cre_Drama_Workshop_Groups,Invoices,15,7,"Invoice_ID, Order_ID, payment_method_code, Product_ID, Order_Quantity, Other_Item_Details, Order_Item_ID"
cre_Drama_Workshop_Groups,Services,15,7,"Service_ID, Service_Type_Code, Workshop_Group_ID, Product_Description, Product_Name, Product_Price, Other_Product_Service_Details"
cre_Drama_Workshop_Groups,Bookings_Services,12,2,"Order_ID, Product_ID"
cre_Drama_Workshop_Groups,Invoice_Items,2,7,"Invoice_Item_ID, Invoice_ID, Order_ID, Order_Item_ID, Product_ID, Order_Quantity, Other_Item_Details"
election,county,5,4,"County_Id, County_name, Population, Zip_code"
election,party,7,8,"Party_ID, Year, Party, Governor, Lieutenant_Governor, Comptroller, Attorney_General, US_Senate"
election,election,8,7,"Election_ID, Counties_Represented, District, Delegate, Party, First_Elected, Committee"
book_2,publication,7,5,"Publication_ID, Book_ID, Publisher, Publication_Date, Price"
book_2,book,10,4,"Book_ID, Title, Issues, Writer"
music_4,artist,7,5,"Artist_ID, Artist, Age, Famous_Title, Famous_Release_date"
music_4,volume,10,6,"Volume_ID, Volume_Issue, Issue_Date, Weeks_on_Top, Song, Artist_ID"
music_4,music_festival,9,6,"ID, Music_Festival, Date_of_ceremony, Category, Volume, Result"
small_bank_1,ACCOUNTS,7,2,"custid, name"
small_bank_1,SAVINGS,6,2,"custid, balance"
small_bank_1,CHECKING,7,2,"custid, balance"
local_govt_in_alabama,Services,4,2,"Service_ID, Service_Type_Code"
local_govt_in_alabama,Participants,15,3,"Participant_ID, Participant_Type_Code, Participant_Details"
local_govt_in_alabama,Events,15,3,"Event_ID, Service_ID, Event_Details"
local_govt_in_alabama,Participants_in_Events,18,2,"Event_ID, Participant_ID"
device,device,6,6,"Device_ID, Device, Carrier, Package_Version, Applications, Software_Platform"
device,shop,12,5,"Shop_ID, Shop_Name, Location, Open_Date, Open_Year"
device,stock,8,3,"Shop_ID, Device_ID, Quantity"
sports_competition,club,6,4,"Club_ID, name, Region, Start_year"
sports_competition,club_rank,6,6,"Rank, Club_ID, Gold, Silver, Bronze, Total"
sports_competition,player,15,8,"Player_ID, name, Position, Club_ID, Apps, Tries, Goals, Points"
sports_competition,competition,11,4,"Competition_ID, Year, Competition_type, Country"
sports_competition,competition_result,6,4,"Competition_ID, Club_ID_1, Club_ID_2, Score"
workshop_paper,workshop,6,4,"Workshop_ID, Date, Venue, Name"
workshop_paper,submission,10,4,"Submission_ID, Scores, Author, College"
workshop_paper,Acceptance,6,3,"Submission_ID, Workshop_ID, Result"
tracking_orders,Customers,15,3,"customer_id, customer_name, customer_details"
tracking_orders,Invoices,15,3,"invoice_number, invoice_date, invoice_details"
tracking_orders,Orders,15,5,"order_id, customer_id, order_status, date_order_placed, order_details"
tracking_orders,Products,15,3,"product_id, product_name, product_details"
tracking_orders,Order_Items,15,5,"order_item_id, product_id, order_id, order_item_status, order_item_details"
tracking_orders,Shipments,15,6,"shipment_id, order_id, invoice_number, shipment_tracking_number, shipment_date, other_shipment_details"
tracking_orders,Shipment_Items,15,2,"shipment_id, order_item_id"
school_bus,driver,12,5,"Driver_ID, Name, Party, Home_city, Age"
school_bus,school,7,5,"School_ID, Grade, School, Location, Type"
school_bus,school_bus,5,4,"School_ID, Driver_ID, Years_Working, If_full_time"
protein_institute,building,8,6,"building_id, Name, Street_address, Years_as_tallest, Height_feet, Floors"
protein_institute,Institution,11,9,"Institution_id, Institution, Location, Founded, Type, Enrollment, Team, Primary_Conference, building_id"
protein_institute,protein,5,7,"common_name, protein_name, divergence_from_human_lineage, accession_number, sequence_length, sequence_identity_to_human_protein, Institution_id"
activity_1,Activity,16,2,"actid, activity_name"
activity_1,Participates_in,70,2,"stuid, actid"
activity_1,Faculty_Participates_in,40,2,"FacID, actid"
activity_1,Student,34,8,"StuID, LName, Fname, Age, Sex, Major, Advisor, city_code"
activity_1,Faculty,58,8,"FacID, Lname, Fname, Rank, Sex, Phone, Room, Building"
phone_market,phone,5,5,"Name, Phone_ID, Memory_in_G, Carrier, Price"
phone_market,market,6,5,"Market_ID, District, Num_of_employees, Num_of_shops, Ranking"
phone_market,phone_market,6,3,"Market_ID, Phone_ID, Num_of_stock"
entrepreneur,entrepreneur,6,5,"Entrepreneur_ID, People_ID, Company, Money_Requested, Investor"
entrepreneur,people,8,5,"People_ID, Name, Height, Weight, Date_of_Birth"
apartment_rentals,Apartment_Buildings,15,7,"building_id, building_short_name, building_full_name, building_description, building_address, building_manager, building_phone"
apartment_rentals,Apartments,15,7,"apt_id, building_id, apt_type_code, apt_number, bathroom_count, bedroom_count, room_count"
apartment_rentals,Apartment_Facilities,7,2,"apt_id, facility_code"
apartment_rentals,Guests,15,5,"guest_id, gender_code, guest_first_name, guest_last_name, date_of_birth"
apartment_rentals,Apartment_Bookings,15,6,"apt_booking_id, apt_id, guest_id, booking_status_code, booking_start_date, booking_end_date"
apartment_rentals,View_Unit_Status,20,4,"apt_id, apt_booking_id, status_date, available_yn"
medicine_enzyme_interaction,medicine,21,4,"id, name, Trade_Name, FDA_approved"
medicine_enzyme_interaction,enzyme,8,7,"id, name, Location, Product, Chromosome, OMIM, Porphyria"
medicine_enzyme_interaction,medicine_enzyme_interaction,19,3,"enzyme_id, medicine_id, interaction_type"
gymnast,gymnast,7,8,"Gymnast_ID, Floor_Exercise_Points, Pommel_Horse_Points, Rings_Points, Vault_Points, Parallel_Bars_Points, Horizontal_Bar_Points, Total_Points"
gymnast,people,10,5,"People_ID, Name, Age, Height, Hometown"
student_1,list,60,4,"LastName, FirstName, Grade, Classroom"
student_1,teachers,12,3,"LastName, FirstName, Classroom"
store_1,artists,275,2,"id, name"
store_1,sqlite_sequence,10,2,"name, seq"
store_1,albums,347,3,"id, title, artist_id"
store_1,employees,8,15,"id, last_name, first_name, title, reports_to, birth_date, hire_date, address, city, state, country, postal_code, phone, fax, email"
store_1,customers,59,13,"id, first_name, last_name, company, address, city, state, country, postal_code, phone, fax, email, support_rep_id"
store_1,genres,25,2,"id, name"
store_1,invoices,412,9,"id, customer_id, invoice_date, billing_address, billing_city, billing_state, billing_country, billing_postal_code, total"
store_1,media_types,5,2,"id, name"
store_1,tracks,3503,9,"id, name, album_id, media_type_id, genre_id, composer, milliseconds, bytes, unit_price"
store_1,invoice_lines,2240,5,"id, invoice_id, track_id, unit_price, quantity"
store_1,playlists,18,2,"id, name"
store_1,playlist_tracks,8715,2,"playlist_id, track_id"
employee_hire_evaluation,employee,10,4,"Employee_ID, Name, Age, City"
employee_hire_evaluation,shop,9,6,"Shop_ID, Name, Location, District, Number_products, Manager_name"
employee_hire_evaluation,hiring,7,4,"Shop_ID, Employee_ID, Start_from, Is_full_time"
employee_hire_evaluation,evaluation,6,3,"Employee_ID, Year_awarded, Bonus"
college_1,CLASS,13,6,"CLASS_CODE, CRS_CODE, CLASS_SECTION, CLASS_TIME, CLASS_ROOM, PROF_NUM"
college_1,COURSE,6,4,"CRS_CODE, DEPT_CODE, CRS_DESCRIPTION, CRS_CREDIT"
college_1,DEPARTMENT,11,6,"DEPT_CODE, DEPT_NAME, SCHOOL_CODE, EMP_NUM, DEPT_ADDRESS, DEPT_EXTENSION"
college_1,EMPLOYEE,37,7,"EMP_NUM, EMP_LNAME, EMP_FNAME, EMP_INITIAL, EMP_JOBCODE, EMP_HIREDATE, EMP_DOB"
college_1,ENROLL,6,3,"CLASS_CODE, STU_NUM, ENROLL_GRADE"
college_1,PROFESSOR,22,5,"EMP_NUM, DEPT_CODE, PROF_OFFICE, PROF_EXTENSION, PROF_HIGH_DEGREE"
college_1,STUDENT,8,12,"STU_NUM, STU_LNAME, STU_FNAME, STU_INIT, STU_DOB, STU_HRS, STU_CLASS, STU_GPA, STU_TRANSFER, DEPT_CODE, STU_PHONE, PROF_NUM"
local_govt_mdm,Customer_Master_Index,9,2,"master_customer_id, cmi_details"
local_govt_mdm,CMI_Cross_References,21,3,"cmi_cross_ref_id, master_customer_id, source_system_code"
local_govt_mdm,Council_Tax,6,2,"council_tax_id, cmi_cross_ref_id"
local_govt_mdm,Business_Rates,3,2,"business_rates_id, cmi_cross_ref_id"
local_govt_mdm,Benefits_Overpayments,4,2,"council_tax_id, cmi_cross_ref_id"
local_govt_mdm,Parking_Fines,2,2,"council_tax_id, cmi_cross_ref_id"
local_govt_mdm,Rent_Arrears,4,2,"council_tax_id, cmi_cross_ref_id"
local_govt_mdm,Electoral_Register,6,2,"electoral_register_id, cmi_cross_ref_id"
company_office,buildings,12,6,"id, name, City, Height, Stories, Status"
company_office,Companies,19,8,"id, name, Headquarters, Industry, Sales_billion, Profits_billion, Assets_billion, Market_Value_billion"
company_office,Office_locations,16,3,"building_id, company_id, move_in_year"
battle_death,battle,8,6,"id, name, date, bulgarian_commander, latin_commander, result"
battle_death,ship,7,7,"lost_in_battle, id, name, tonnage, ship_type, location, disposition_of_ship"
battle_death,death,13,5,"caused_by_ship_id, id, note, killed, injured"
dorm_1,Student,34,8,"StuID, LName, Fname, Age, Sex, Major, Advisor, city_code"
dorm_1,Dorm,7,4,"dormid, dorm_name, student_capacity, gender"
dorm_1,Dorm_amenity,12,2,"amenid, amenity_name"
dorm_1,Has_amenity,40,2,"dormid, amenid"
dorm_1,Lives_in,31,3,"stuid, dormid, room_number"
products_for_hire,Discount_Coupons,15,3,"coupon_id, date_issued, coupon_amount"
products_for_hire,Customers,15,8,"customer_id, coupon_id, good_or_bad_customer, first_name, last_name, gender_mf, date_became_customer, date_last_hire"
products_for_hire,Bookings,15,11,"booking_id, customer_id, booking_status_code, returned_damaged_yn, booking_start_date, booking_end_date, count_hired, amount_payable, amount_of_discount, amount_outstanding, amount_of_refund"
products_for_hire,Products_for_Hire,5,5,"product_id, product_type_code, daily_hire_cost, product_name, product_description"
products_for_hire,Payments,15,8,"payment_id, booking_id, customer_id, payment_type_code, amount_paid_in_full_yn, payment_date, amount_due, amount_paid"
products_for_hire,Products_Booked,12,6,"booking_id, product_id, returned_yn, returned_late_yn, booked_count, booked_amount"
products_for_hire,View_Product_Availability,4,4,"product_id, booking_id, status_date, available_yn"
coffee_shop,shop,10,5,"Shop_ID, Address, Num_of_staff, Score, Open_Year"
coffee_shop,member,10,7,"Member_ID, Name, Membership_card, Age, Time_of_purchase, Level_of_membership, Address"
coffee_shop,happy_hour,10,4,"HH_ID, Shop_ID, Month, Num_of_shaff_in_charge"
coffee_shop,happy_hour_member,6,3,"HH_ID, Member_ID, Total_amount"
singer,singer,8,5,"Singer_ID, Name, Birth_Year, Net_Worth_Millions, Citizenship"
singer,song,8,5,"Song_ID, Title, Singer_ID, Sales, Highest_Position"
chinook_1,Album,347,3,"AlbumId, Title, ArtistId"
chinook_1,Artist,275,2,"ArtistId, Name"
chinook_1,Customer,59,13,"CustomerId, FirstName, LastName, Company, Address, City, State, Country, PostalCode, Phone, Fax, Email, SupportRepId"
chinook_1,Employee,8,15,"EmployeeId, LastName, FirstName, Title, ReportsTo, BirthDate, HireDate, Address, City, State, Country, PostalCode, Phone, Fax, Email"
chinook_1,Genre,25,2,"GenreId, Name"
chinook_1,Invoice,412,9,"InvoiceId, CustomerId, InvoiceDate, BillingAddress, BillingCity, BillingState, BillingCountry, BillingPostalCode, Total"
chinook_1,InvoiceLine,2240,5,"InvoiceLineId, InvoiceId, TrackId, UnitPrice, Quantity"
chinook_1,MediaType,5,2,"MediaTypeId, Name"
chinook_1,Playlist,18,2,"PlaylistId, Name"
chinook_1,PlaylistTrack,8715,2,"PlaylistId, TrackId"
chinook_1,Track,3503,9,"TrackId, Name, AlbumId, MediaTypeId, GenreId, Composer, Milliseconds, Bytes, UnitPrice"
behavior_monitoring,Ref_Address_Types,2,2,"address_type_code, address_type_description"
behavior_monitoring,Ref_Detention_Type,3,2,"detention_type_code, detention_type_description"
behavior_monitoring,Ref_Incident_Type,3,2,"incident_type_code, incident_type_description"
behavior_monitoring,Addresses,20,9,"address_id, line_1, line_2, line_3, city, zip_postcode, state_province_county, country, other_address_details"
behavior_monitoring,Students,15,10,"student_id, address_id, first_name, middle_name, last_name, cell_mobile_number, email_address, date_first_rental, date_left_university, other_student_details"
behavior_monitoring,Teachers,15,9,"teacher_id, address_id, first_name, middle_name, last_name, gender, cell_mobile_number, email_address, other_details"
behavior_monitoring,Assessment_Notes,15,6,"notes_id, student_id, teacher_id, date_of_notes, text_of_notes, other_details"
behavior_monitoring,Behavior_Incident,15,8,"incident_id, incident_type_code, student_id, date_incident_start, date_incident_end, incident_summary, recommendations, other_details"
behavior_monitoring,Detention,15,7,"detention_id, detention_type_code, teacher_id, datetime_detention_start, datetime_detention_end, detention_summary, other_details"
behavior_monitoring,Student_Addresses,20,6,"student_id, address_id, date_address_from, date_address_to, monthly_rental, other_details"
behavior_monitoring,Students_in_Detention,15,3,"student_id, detention_id, incident_id"
world_1,city,4079,5,"ID, Name, CountryCode, District, Population"
world_1,sqlite_sequence,1,2,"name, seq"
world_1,country,239,15,"Code, Name, Continent, Region, SurfaceArea, IndepYear, Population, LifeExpectancy, GNP, GNPOld, LocalName, GovernmentForm, HeadOfState, Capital, Code2"
world_1,countrylanguage,984,4,"CountryCode, Language, IsOfficial, Percentage"
university_basketball,basketball_match,4,12,"Team_ID, School_ID, Team_Name, ACC_Regular_Season, ACC_Percent, ACC_Home, ACC_Road, All_Games, All_Games_Percent, All_Home, All_Road, All_Neutral"
university_basketball,university,5,8,"School_ID, School, Location, Founded, Affiliation, Enrollment, Nickname, Primary_conference"
mountain_photos,mountain,23,6,"id, name, Height, Prominence, Range, Country"
mountain_photos,camera_lens,11,5,"id, brand, name, focal_length_mm, max_aperture"
mountain_photos,photos,10,5,"id, camera_lens_id, mountain_id, color, name"
scholar,venue,0,2,"venueId, venueName"
scholar,author,0,2,"authorId, authorName"
scholar,dataset,0,2,"datasetId, datasetName"
scholar,journal,0,2,"journalId, journalName"
scholar,keyphrase,0,2,"keyphraseId, keyphraseName"
scholar,paper,0,7,"paperId, title, venueId, year, numCiting, numCitedBy, journalId"
scholar,cite,0,2,"citingPaperId, citedPaperId"
scholar,paperDataset,0,2,"paperId, datasetId"
scholar,paperKeyphrase,0,2,"paperId, keyphraseId"
scholar,writes,0,2,"paperId, authorId"
product_catalog,Attribute_Definitions,4,3,"attribute_id, attribute_name, attribute_data_type"
product_catalog,Catalogs,8,5,"catalog_id, catalog_name, catalog_publisher, date_of_publication, date_of_latest_revision"
product_catalog,Catalog_Structure,3,3,"catalog_level_number, catalog_id, catalog_level_name"
product_catalog,Catalog_Contents,15,14,"catalog_entry_id, catalog_level_number, parent_entry_id, previous_entry_id, next_entry_id, catalog_entry_name, product_stock_number, price_in_dollars, price_in_euros, price_in_pounds, capacity, length, height, width"
product_catalog,Catalog_Contents_Additional_Attributes,15,4,"catalog_entry_id, catalog_level_number, attribute_id, attribute_value"
real_estate_properties,Ref_Feature_Types,2,2,"feature_type_code, feature_type_name"
real_estate_properties,Ref_Property_Types,5,2,"property_type_code, property_type_description"
real_estate_properties,Other_Available_Features,3,4,"feature_id, feature_type_code, feature_name, feature_description"
real_estate_properties,Properties,15,26,"property_id, property_type_code, date_on_market, date_sold, property_name, property_address, room_count, vendor_requested_price, buyer_offered_price, agreed_selling_price, apt_feature_1, apt_feature_2, apt_feature_3, fld_feature_1, fld_feature_2, fld_feature_3, hse_feature_1, hse_feature_2, hse_feature_3, oth_feature_1, oth_feature_2, oth_feature_3, shp_feature_1, shp_feature_2, shp_feature_3, other_property_details"
real_estate_properties,Other_Property_Features,15,3,"property_id, feature_id, property_feature_description"
student_transcripts_tracking,Addresses,15,9,"address_id, line_1, line_2, line_3, city, zip_postcode, state_province_county, country, other_address_details"
student_transcripts_tracking,Courses,15,4,"course_id, course_name, course_description, other_details"
student_transcripts_tracking,Departments,15,4,"department_id, department_name, department_description, other_details"
student_transcripts_tracking,Degree_Programs,15,5,"degree_program_id, department_id, degree_summary_name, degree_summary_description, other_details"
student_transcripts_tracking,Sections,15,5,"section_id, course_id, section_name, section_description, other_details"
student_transcripts_tracking,Semesters,15,4,"semester_id, semester_name, semester_description, other_details"
student_transcripts_tracking,Students,15,12,"student_id, current_address_id, permanent_address_id, first_name, middle_name, last_name, cell_mobile_number, email_address, ssn, date_first_registered, date_left, other_student_details"
student_transcripts_tracking,Student_Enrolment,15,5,"student_enrolment_id, degree_program_id, semester_id, student_id, other_details"
student_transcripts_tracking,Student_Enrolment_Courses,15,3,"student_course_id, course_id, student_enrolment_id"
student_transcripts_tracking,Transcripts,15,3,"transcript_id, transcript_date, other_details"
student_transcripts_tracking,Transcript_Contents,15,2,"student_course_id, transcript_id"
film_rank,film,13,5,"Film_ID, Title, Studio, Director, Gross_in_dollar"
film_rank,market,6,3,"Market_ID, Country, Number_cities"
film_rank,film_market_estimation,9,7,"Estimation_ID, Low_Estimate, High_Estimate, Film_ID, Type, Market_ID, Year"
theme_gallery,artist,7,5,"Artist_ID, Name, Country, Year_Join, Age"
theme_gallery,exhibition,6,5,"Exhibition_ID, Year, Theme, Artist_ID, Ticket_Price"
theme_gallery,exhibition_record,13,3,"Exhibition_ID, Date, Attendance"
e_government,Addresses,15,6,"address_id, line_1_number_building, town_city, zip_postcode, state_province_county, country"
e_government,Services,15,4,"service_id, service_type_code, service_name, service_descriptio"
e_government,Forms,6,6,"form_id, form_type_code, service_id, form_number, form_name, form_description"
e_government,Individuals,15,7,"individual_id, individual_first_name, individual_middle_name, inidividual_phone, individual_email, individual_address, individual_last_name"
e_government,Organizations,5,4,"organization_id, date_formed, organization_name, uk_vat_number"
e_government,Parties,15,4,"party_id, payment_method_code, party_phone, party_email"
e_government,Organization_Contact_Individuals,15,4,"individual_id, organization_id, date_contact_from, date_contact_to"
e_government,Party_Addresses,15,5,"party_id, address_id, date_address_from, address_type_code, date_address_to"
e_government,Party_Forms,13,5,"party_id, form_id, date_completion_started, form_status_code, date_fully_completed"
e_government,Party_Services,15,5,"booking_id, customer_id, service_id, service_datetime, booking_made_date"
insurance_fnol,Customers,15,2,"Customer_ID, Customer_name"
insurance_fnol,Services,4,2,"Service_ID, Service_name"
insurance_fnol,Available_Policies,15,3,"Policy_ID, policy_type_code, Customer_Phone"
insurance_fnol,Customers_Policies,14,4,"Customer_ID, Policy_ID, Date_Opened, Date_Closed"
insurance_fnol,First_Notification_of_Loss,7,4,"FNOL_ID, Customer_ID, Policy_ID, Service_ID"
insurance_fnol,Claims,10,3,"Claim_ID, FNOL_ID, Effective_Date"
insurance_fnol,Settlements,10,4,"Settlement_ID, Claim_ID, Effective_Date, Settlement_Amount"
restaurant_1,Student,34,8,"StuID, LName, Fname, Age, Sex, Major, Advisor, city_code"
restaurant_1,Restaurant,2,4,"ResID, ResName, Address, Rating"
restaurant_1,Type_Of_Restaurant,2,2,"ResID, ResTypeID"
restaurant_1,Restaurant_Type,2,3,"ResTypeID, ResTypeName, ResTypeDescription"
restaurant_1,Visits_Restaurant,2,4,"StuID, ResID, Time, Spent"
inn_1,Rooms,10,7,"RoomId, roomName, beds, bedType, maxOccupancy, basePrice, decor"
inn_1,Reservations,600,9,"Code, Room, CheckIn, CheckOut, Rate, LastName, FirstName, Adults, Kids"
tracking_software_problems,Problem_Category_Codes,3,2,"problem_category_code, problem_category_description"
tracking_software_problems,Problem_Log,15,9,"problem_log_id, assigned_to_staff_id, problem_id, problem_category_code, problem_status_code, log_entry_date, log_entry_description, log_entry_fix, other_log_details"
tracking_software_problems,Problem_Status_Codes,2,2,"problem_status_code, problem_status_description"
tracking_software_problems,Product,15,3,"product_id, product_name, product_details"
tracking_software_problems,Staff,15,4,"staff_id, staff_first_name, staff_last_name, other_staff_details"
tracking_software_problems,Problems,15,8,"problem_id, product_id, closure_authorised_by_staff_id, reported_by_staff_id, date_problem_reported, date_problem_closed, problem_description, other_problem_details"
riding_club,player,14,8,"Player_ID, Sponsor_name, Player_name, Gender, Residence, Occupation, Votes, Rank"
riding_club,club,6,4,"Club_ID, Club_name, Region, Start_year"
riding_club,coach,5,5,"Coach_ID, Coach_name, Gender, Club_ID, Rank"
riding_club,player_coach,7,3,"Player_ID, Coach_ID, Starting_year"
riding_club,match_result,6,7,"Rank, Club_ID, Gold, Big_Silver, Small_Silver, Bronze, Points"
ship_mission,mission,7,7,"Mission_ID, Ship_ID, Code, Launched_Year, Location, Speed_knots, Fate"
ship_mission,ship,8,5,"Ship_ID, Name, Type, Nationality, Tonnage"
student_assessment,Addresses,15,7,"address_id, line_1, line_2, city, zip_postcode, state_province_county, country"
student_assessment,People,8,8,"person_id, first_name, middle_name, last_name, cell_mobile_number, email_address, login_name, password"
student_assessment,Students,8,2,"student_id, student_details"
student_assessment,Courses,6,4,"course_id, course_name, course_description, other_details"
student_assessment,People_Addresses,8,5,"person_address_id, person_id, address_id, date_from, date_to"
student_assessment,Student_Course_Registrations,9,3,"student_id, course_id, registration_date"
student_assessment,Student_Course_Attendance,8,3,"student_id, course_id, date_of_attendance"
student_assessment,Candidates,8,2,"candidate_id, candidate_details"
student_assessment,Candidate_Assessments,5,4,"candidate_id, qualification, assessment_date, asessment_outcome_code"
assets_maintenance,Third_Party_Companies,15,5,"company_id, company_type, company_name, company_address, other_company_details"
assets_maintenance,Maintenance_Contracts,15,5,"maintenance_contract_id, maintenance_contract_company_id, contract_start_date, contract_end_date, other_contract_details"
assets_maintenance,Parts,3,5,"part_id, part_name, chargeable_yn, chargeable_amount, other_part_details"
assets_maintenance,Skills,3,3,"skill_id, skill_code, skill_description"
assets_maintenance,Staff,15,4,"staff_id, staff_name, gender, other_staff_details"
assets_maintenance,Assets,15,9,"asset_id, maintenance_contract_id, supplier_company_id, asset_details, asset_make, asset_model, asset_acquired_date, asset_disposed_date, other_asset_details"
assets_maintenance,Asset_Parts,15,2,"asset_id, part_id"
assets_maintenance,Maintenance_Engineers,15,5,"engineer_id, company_id, first_name, last_name, other_details"
assets_maintenance,Engineer_Skills,20,2,"engineer_id, skill_id"
assets_maintenance,Fault_Log,15,6,"fault_log_entry_id, asset_id, recorded_by_staff_id, fault_log_entry_datetime, fault_description, other_fault_details"
assets_maintenance,Engineer_Visits,15,8,"engineer_visit_id, contact_staff_id, engineer_id, fault_log_entry_id, fault_status, visit_start_datetime, visit_end_datetime, other_visit_details"
assets_maintenance,Part_Faults,15,5,"part_fault_id, part_id, fault_short_name, fault_description, other_fault_details"
assets_maintenance,Fault_Log_Parts,15,3,"fault_log_entry_id, part_fault_id, fault_status"
assets_maintenance,Skills_Required_To_Fix,15,2,"part_fault_id, skill_id"
twitter_1,follows,9,2,"f1, f2"
twitter_1,tweets,8,4,"id, uid, text, createdate"
twitter_1,user_profiles,7,5,"uid, name, email, partitionid, followers"
body_builder,body_builder,5,5,"Body_Builder_ID, People_ID, Snatch, Clean_Jerk, Total"
body_builder,people,6,6,"People_ID, Name, Height, Weight, Birth_Date, Birth_Place"
school_player,school,6,10,"School_ID, School, Location, Enrollment, Founded, Denomination, Boys_or_Girls, Day_or_Boarding, Year_Entered_Competition, School_Colors"
school_player,school_details,6,6,"School_ID, Nickname, Colors, League, Class, Division"
school_player,school_performance,22,4,"School_Id, School_Year, Class_A, Class_AA"
school_player,player,23,6,"Player_ID, Player, Team, Age, Position, School_ID"
